record,timestamp,input_file,operation,error_message
53605ef9-455c-4120-8ab1-581b12cd056d,1638748014,calculations_examples_1.csv,7.0 / 0.0,ZERO_DIVISION_ERROR
c6e60ac8-e6fc-453d-b4d7-804b36826f70,1638748014,calculations_examples_2.csv,7.0 / 0.0,ZERO_DIVISION_ERROR
2f6e4b2a-910e-46a5-83c1-524bf01685e7,1638748081,,8.0 / 0.0,ZERO_DIVISION_ERROR
4869d1d8-71e0-4d8d-82b3-985df5e036bf,1638750935,,8.0 / 0.0,ZERO_DIVISION_ERROR
611d4c8f-39ed-49a6-8045-0f88d1656c9f,1638752028,,8.0 / 0.0,ZERO_DIVISION_ERROR
bdcb2084-bfde-422e-ac7f-434dead9a48d,1638752116,,8.0 / 0.0,ZERO_DIVISION_ERROR
ba67f8d1-61fe-4b63-8460-e2228274ce40,1638753158,,8.0 / 0.0,ZERO_DIVISION_ERROR
0054d819-5f10-45de-8564-344ba4816f27,1638753513,,8.0 / 0.0,ZERO_DIVISION_ERROR
400201b7-2f12-41d3-a5ed-33f6947cee91,1638754063,,8.0 / 0.0,ZERO_DIVISION_ERROR
9887f8e6-7bef-48af-80a2-9ca179304bfd,1638754193,,8.0 / 0.0,ZERO_DIVISION_ERROR
88b4d3ec-52ec-4ad6-8577-71d6bece3d25,1638754541,,8.0 / 0.0,ZERO_DIVISION_ERROR
dd7da137-79b4-43a4-bc51-bc368a307d48,1638754598,,8.0 / 0.0,ZERO_DIVISION_ERROR
a92d0404-ffb0-43c0-8724-0c98862bb4f9,1638755867,,8.0 / 0.0,ZERO_DIVISION_ERROR
6258e642-7521-44f6-a5b3-9de72cd6b936,1638755948,,8.0 / 0.0,ZERO_DIVISION_ERROR
4d15ce67-5065-497d-b539-05b7cc700d56,1638756065,,8.0 / 0.0,ZERO_DIVISION_ERROR
09b8714b-8179-4b06-8a8a-50dda06b0e68,1638756114,,8.0 / 0.0,ZERO_DIVISION_ERROR
946cec4e-d536-4109-86d6-f9f64d060216,1638756505,,8.0 / 0.0,ZERO_DIVISION_ERROR
14548701-ea4c-45d0-9eec-1e670bdbe75b,1638756577,,8.0 / 0.0,ZERO_DIVISION_ERROR
77c7c3c3-1d98-4a29-b704-90ecd61f2c63,1638756630,,8.0 / 0.0,ZERO_DIVISION_ERROR
4d52248c-5b76-48b4-82e0-f70bbebb781e,1638756876,,8.0 / 0.0,ZERO_DIVISION_ERROR
ac81f93f-de70-434a-b2f0-d2f89ecc55ed,1638756892,,8.0 / 0.0,ZERO_DIVISION_ERROR
45509a09-8d55-4c8d-8ecf-fb4ad9227dcb,1638756899,,8.0 / 0.0,ZERO_DIVISION_ERROR
16080036-d133-4bf5-b5e5-5fe9d956582e,1638756949,,8.0 / 0.0,ZERO_DIVISION_ERROR
415db6ba-8ae8-46c3-a5dd-89cdc6de2138,1638757257,,8.0 / 0.0,ZERO_DIVISION_ERROR
a921a2a4-acd9-451c-a928-7669412bc696,1638757285,,8.0 / 0.0,ZERO_DIVISION_ERROR
bb36aba0-a38d-4d35-8895-7651eccdad71,1638757631,,8.0 / 0.0,ZERO_DIVISION_ERROR
5f907d50-0b2d-4204-a5e0-9bc649d1da06,1638757975,,8.0 / 0.0,ZERO_DIVISION_ERROR
1db5ac83-9e69-4fe9-8e97-269f160de0cf,1638757998,,8.0 / 0.0,ZERO_DIVISION_ERROR
a8c9a76d-e370-47b8-88bb-e1ac2d36b3ef,1638758012,,8.0 / 0.0,ZERO_DIVISION_ERROR
b9632a54-f442-4c28-86ff-c47d6cf576df,1638758052,,8.0 / 0.0,ZERO_DIVISION_ERROR
cc22c5e6-b84e-4c70-9412-8234252cdb70,1639464787,,8.0 / 0.0,ZERO_DIVISION_ERROR
